LIFEMAPS2 PANCREATIC PROGENITOR CELLS	PANCREATIC PROGENITOR CELLS	ARX	CPA1	CTNNB1	CXCR4	FGFR2	FOXA2	GATA4	GATA6	GES1	HHEX	HNF1B	HNF4A	INSM1	ISL1	MNX1	NEUROD1	NEUROG3	NKX2	NOTCH1	LRH1	HNF6	PAX4	PDX1	PTF1A	RBPJ	SOX9	TGFB1	TGFB2	TGFB3																																																																																																																																																																																																																																																																																																																																																																																																																																																																																																																																																																																																																																																																																																																																																																																																			
LIFEMAPS3 BIPOTENT ENDOCRINE DUCT PROGENITOR CELLS	BIPOTENT ENDOCRINE DUCT PROGENITOR CELLS	HES1	HNF1B	KRT20	NKX6	PROX1	SOX9	SPP1	ABCC8	ADGRB3	AFP	AP1S2	ARXES1	ASB4	BEX2	CADPS	CASR	CELF3	CER1	CLIP3	CRYBA2	CXXC4	DBPHT2	DDX25	DISP2	DLK1	EFCAB1	ELAVL4	ELOVL2	FAM183B	FBXL16	FOXA2	GABRB3	GATA6	GCG	GDAP1L1	GJD2	GLIS3	GNAO1	GPC3	GRIA2	H19	HEPACAM2	HEY1	HEY2	HIST3H2BA	HMGA2	LGF2	IGF2BP1	LNSM1	ISL1	KCNH6	KCNK16	MAFB	MAP1B	MAP3K15	MEST	MIR376A	MNX1	MRLN	NEFL	NEFM	NEUROD1	NEUROG3	NHLH1	NNAT	NOTCH1	NT5DC2	HNF6	PAX6	PCSK2	PDE6C	PDX1	PEBP1	PEG10	PLAG1	PNMAL1	BRN4	PPP1R17	PYY	RCOR2	RFX6	RGS17	RIMBP2	RIMKLB	RUNX1T1	SCG3	SCRN1	SCT	SERPINA1C	SERPINA6	SEZ6L2	SLC38A5	SLC7A14	SOX11	SPHKAP	ST18	ST8SIA3	STXBP5L	SYP	TMEM108	TMEM215	TMEM27	TRAM1L1	TUBB3	UCHL1	USP29	VAT1L	VWA5B2	WNK3	ZCCHC18	ZDBF2	ZIM1	ZKSCAN2	1700086L19RIK	C130021I20RIK																																																																																																																																																																																																																																																																																																																																																																																																																																																																																																																																																																																																																																																																																																													
LIFEMAPS4 ENDOCRINE PROGENITOR CELLS	ENDOCRINE PROGENITOR CELLS	NEUROG3	NEUROD1	NKX2	PAX4	NOTCH1	SOX9	ABCC8	ADGRB3	AF357355	AI467606	AP1S2	APLP1	ARHGAP36	ARX	CACNA1A	CACNA1H	CADPS	CASR	CELF3	CER1 (CERL)	CERKL	CHGA	CLIP3	CRYBA2	CXXC4	DBPHT2	DISP2	DLK1	EFCAB1	FAM183B	FBXL16	FOXA2	G6PC2	GATA6	GCG	GDAP1	GDAP1L1	GHRL	GJD2	GNAO1	GRIA2	H19	HEPACAM2	HIST3H2BA	HNF4A	IAPP	LGF2	INS1	LNSM1	ISL1	KCNH6	KCNK16	MAFB	MAP1B	MAP3K15	MAPK8IP2	MIR376A	MIR379	MNX1	MRLN	MYT1	NEFL	NEFM	NKX6	NNAT	NOL4	NPY	HNF6	PAPPA2	PAPSS2	PAX6	PCSK1	PCSK2	PDE1C	PDE6C	PDX1	PEBP1	PEG10	PLAG1	PNMAL1	PROX1	PTPRN	PYY	RFX6	RGS17	RIMBP2	RUNX1T1	SCG2	SCG3	SCG5	SCGN	SCRN1	SERPINA6	SEZ6L2	SLC30A8	SLC7A14	SLITRK6	SNAP25	SPHKAP	ST18	STXBP5L	SYP	SYT13	TMEM215	TMEM27	TUBB3	VAT1L	VWA5B2	WNK3	ZCCHC18	ZDBF2	ZIM1	1700086L19RIK	C130021I20RIK																																																																																																																																																																																																																																																																																																																																																																																																																																																																																																																																																																																																																																																																																																														
LIFEMAPS1 PREPANCREATIC FOREGUT ENDODERM CELLS	LIFEMAPS	PDX1	CXCR4	HOXB9	ISL1	MNX1	NKX2	PTF1A	SHH	ACVR2A	ACVR2B	ARX	CDH1	DLL1	FOXA2	GATA4	HNF1B	MUC1	NKX6	HNF6	PAX4	PBX1	SOX17	SOX9																																																																																																																																																																																																																																																																																																																																																																																																																																																																																																																																																																																																																																																																																																																																																																																																									
ANTERIOR PRIMITIVE STREAK	ANTERIOR PRIMITIVE STREAK	AFP	ACVR1B	ACVR2B	AES	AIFM2	ALDH1A2 	APC 	BMP4	CDH2	CTNNB1	CER1 	CHRD	CTNNB1 	EOMES 	EPCAM	ETFA	FGF8	FOXA2	FGF2 	FGFR1 	FOXA2 	FOXA3	FOXH1	GSC	GDF3	GSC	KDR 	LHX1 	LHX1 	MIXL1	MESP1	MIXL1	NANOG	NCKAP1	NODAL	NOG	PDGFRA	POU5F1 	PSME2	RNF111	SMAD2	SMAD3	SMAD4	SOX17	SOX2	SOX7	SUMO1	T	TDGF1 	TGFB1	WNT3	WNT3A	WNT5A	ZIC2																																																																																																																																																																																																																																																																																																																																																																																																																																																																																																																																																																																																																																																																																																																																																																										
DEFINITVE ENDODERM	DEFINITVE ENDODERM	AFP	ARID3B	ARL6	AXIN2	BMP4	CDH2 	CDX1	CER1 	CHST15	CXCL12	CXCR4	DAB2	DEFA-RS2	DEFA31	DKK1	DNMT3B	EOMES 	EXO1	FGF5	FOXA1 	FOXA2 	FOXA3	FOXD4	FOXF1 	FOXI2	GBX2	GJB3	GSC	HESX1	HHEX 	HNF4A	IFITM1	IGF2 	IHH	ITGA3	KCTD12B	KDM5B	KDR 	LIN28A	MEOX1 	MSX1 	NKX2-5	NR6A1	ONECUT1 	OTX2	PHLDA2	PRTG	PYY	SHH	SLC13A4	SLC2A1 	SLC7A3	SNAI1 	SOX1	SOX17	SOX2	SOX7	SP6 	STARD8	T	TGFB2 	TRH	ZSCAN10																																																																																																																																																																																																																																																																																																																																																																																																																																																																																																																																																																																																																																																																																																																																																																	
GUT TUBE	GUT TUBE	AFP	CD34	CXCL12	CXCR4	CDH1	CDX1	CLDN4	CLDN6	CTNNB1 	FGFR1 	FGFR4	FN1 	FOXA1 	FOXA2 	FOXA3	GATA4	GATA5	GATA6	HHEX 	HNF1A 	HNF1B 	HNF4A	KDR	LMO2	MIXL1	NODAL	ONECUT1	PECAM1	PAX1	PAX9	PDX1 	POU5F1	PYY	RHOU	SFRP5	SOX17	SOX2	TAL1 	TTR 																																																																																																																																																																																																																																																																																																																																																																																																																																																																																																																																																																																																																																																																																																																																																																																									
WANG-TARGETS-OF-MLL-CBP-FUSION-UP	WANG-TARGETS-OF-MLL-CBP-FUSION-UP	ADAM15	ADCY3	ATP6V1E1	CD14	CELA1	CENPV	CEP350	CPD	DNAH8	EVI2A	EZR	F10	FAM174B	FERMT3	GLG1	GPC1	GTPBP2	HOXA9	IL12A	ITSN2	KIF1B	LAPTM4B	LAPTM5	LOC645638	LRG1	MRPL11	MT1A	NCAM1	NR2C2	OGFRL1	P2RY14	PGLYRP1	PIAS4	RAPGEF3	RGS10	SIAH1	SLC38A3	STAC	STK10	SYNE1	TMCO6	TRUB2	VCAM1	YWHAZ																																																																																																																																																																																																																																																																																																																																																																																																																																																																																																																																																																																																																																																																																																																																																																																				
SCHRAETS-MLL-TARGETS-DN	SCHRAETS-MLL-TARGETS-DN	ACADM	AGT	ARHGDIB	C7orf70	CAP1	CD53	CD93	CDKN1B	COL6A1	COL6A2	COL6A3	CTSH	DFFB	ENPP2	FOXC2	GAS1	GATA6	GREM1	GSTA4	HNF1B	HOXC8	HSPB8	IL1RN	LIMK1	MGLL	MGP	PITX2	RSPO2	SPRR1A	TGFBI	THBD	THBS2	TWIST2																																																																																																																																																																																																																																																																																																																																																																																																																																																																																																																																																																																																																																																																																																																																																																																															
BOGNI-TREATMENT-RELATED-MYELOID-LEUKEMIA-UP	BOGNI-TREATMENT-RELATED-MYELOID-LEUKEMIA-UP	ATF6B	CFP	CLPP	CXCR1	DNAJA2	EFEMP1	EFNA2	EPB41	FLNA	FMO6P	GABRB1	HIST1H4C	HP	IZUMO4	MAP2K1	MPST	NPR2	PAX5	PGK1	POLR2A	RFNG	RPL11	RPL17	RPS27A	S100A2	SEMA6C	SGPL1	SLC10A1	SLC25A6	ZKSCAN5																																																																																																																																																																																																																																																																																																																																																																																																																																																																																																																																																																																																																																																																																																																																																																																																		
WONG-EMBRYONIC-STEM-CELL-CORE	WONG-EMBRYONIC-STEM-CELL-CORE	ABCB7	ACAD8	ADH5	ADSL	AK4	ALDH7A1	ALDOC	AMOTL2	ANP32E	APEX1	ATP5J	ATP5O	AURKA	AURKB	BANF1	BAX	BCAT1	BIRC5	BLM	BRIX1	BTF3	BUB1	BUB1B	BUB3	C11orf48	C2orf47	CBX3	CCNA2	CCNB2	CCNC	CCND1	CCND2	CCNF	CCT5	CDC20	CDC34	CDC6	CDC7	CDCA3	CDCA5	CDCA7	CDCA8	CDK1	CDK4	CDKN1C	CDKN3	CHAF1A	CHEK1	CHEK2	CISD1	CKAP2	CKS1B	CKS2	CLPP	COQ3	COX4NB	COX5B	CRABP2	CSE1L	CSRP2	CTNNA1	CTSC	CYCS	DAP3	DARS2	DBF4	DDX18	DEK	DHX9	DLAT	DLGAP5	DNMT1	DPP3	DTL	DTYMK	E2F3	EBNA1BP2	ECHS1	EEF1E1	EEF2	EIF2S2	EIF2S3	EIF3A	EIF3I	EIF3K	EIF3L	EIF4A1	EIF4B	EIF4EBP1	EIF6	ELOVL6	ENO1	ERCC6L	ERP29	ETFA	EXO1	EXOSC7	FAM136A	FAM60A	FARSA	FBL	FDPS	FGFR1	FH	G3BP1	GARS	GART	GEMIN2	GEMIN6	GJA1	GLDC	GLO1	GMNN	GNA14	GNL3	GNPDA1	GSPT2	GTSE1	HADH	HAT1	HAUS1	HDAC1	HELLS	HMGB2	HMGN5	HN1	HNRNPA1	HNRNPAB	HNRNPK	HNRNPL	HSPA14	HSPA9	HSPE1	IARS	IPO9	KIF11	KIF20A	KIF22	KIF23	KIF4A	KPNA2	KPNA6	KRAS	LMNB1	LSM10	LSM2	LSM4	LSM5	LYPLA1	MAD2L1	MAPK13	MCM2	MCM3	MCM4	MCM5	MCM7	MID1IP1	MKI67IP	MRPL11	MRPL12	MRPL13	MRPL15	MRPL16	MRPL37	MRPL39	MRPL4	MRPS17	MRPS18B	MRPS2	MRPS28	MRPS30	MRPS36	MRTO4	MSH2	MTF2	MTHFD2	MYBL2	MYC	NAP1L1	NASP	NCAPD2	NCAPH	NCBP2	NCL	NDC80	NDUFA11	NDUFA9	NDUFAB1	NDUFB10	NDUFB7	NDUFB8	NDUFS2	NEK2	NHP2	NIP7	NIPSNAP1	NLN	NME2	NME4	NONO	NOP10	NOP2	NT5DC2	NTHL1	NUDCD2	NUP107	NUSAP1	ORC1	OTX2	PA2G4	PABPC1	PARP1	PCNA	PDCD2	PDHA1	PDIA4	PDPN	PHB	PHC1	PHF5A	PIPOX	PLK1	PLK4	POLD1	POLE2	POLR2F	POLR3K	POP7	PPM1G	PPP4C	PRDX1	PRIM1	PRIM2	PRMT1	PRMT3	PROM1	PRPS1	PSMA5	PSMA7	PSMB5	PSMB6	PSMD14	PSME3	PUS1	RAB34	RACGAP1	RAD18	RAD23B	RCC1	RCC2	RCN2	RFC3	RNPS1	RPA2	RPA3	RPL10A	RPL13	RPL22	RPL27A	RPP40	RPS12	RPS16	RPS19	RPS23	RPS27	RPS3	RPS5	RPS8	RPSA	RRM1	RRM2	RUVBL1	RUVBL2	SARS	SDHC	SDHD	SEPHS2	SERPINH1	SET	SLC16A1	SLC25A5	SLC2A1	SMC2	SMC4	SNRNP40	SNRPA	SNRPA1	SNRPD1	SNX5	SOX2	SPAG5	SQLE	SRSF10	SS18	SSB	STIP1	STOML2	SUMO1	TCF19	TCF7L1	TCOF1	TEAD2	TERF1	TGIF1	TGIF2	THOC3	TIMM13	TIMM44	TIMM8A	TIMM8B	TMEFF1	TOP2A	TP53	TRIP13	TRIP6	TTK	U2AF1	UBE2G1	UBE2V2	UGDH	UQCR11	UQCRH	UTP18	VBP1	VRK1	WBP11	WDHD1	WDR77	WEE1	XPO1	XRCC5	YAP1	YY1	ZIC3	ZNF22																																																																																																																																																																																																																																																																																																																																																																																																																																																																																	
4-Subclasses-pancreas-613-genes	4-Subclasses-pancreas-613-genes	CUZD1	PAQR8	CTRC	CEL	CELA3B	CPA1	CPA2	CLDN18	CLPS	MZB1	PNLIPRP1	SERPINI2	KIAA1211	PIP5K1B	CRYL1	RBPJL	PKDCC	REG1P	AQP8	IQGAP2	KCNE3	CTSE	IGKV1-12	CTRB1	IGKC	AC096579.7	AC021218.2	FAM134B	IGHG1	C9orf152	ATP2A3	SOWAHA	SHH	LYZ	C2orf72	PRSS1	IGLV2-14	GSDMC	CYSTM1	RP11-331F4.4	CSDA	CELA3A	DERL3	TM4SF5	IGKV1D-39	CTRB2	FMO5	REPS2	REG3G	BTNL8	PTPRN2	ADD3	SELENBP1	PLA2G1B	TFF1	CYP2C18	PIM2	ANXA4	ABP1	IGHV1-18	IGKV3-11	TM9SF3	SMPD3	IGLC3	SSTR1	MARCH3	GATA6	PLA2G10	IGKV3-15	IGHV4-34	CTRL	FAM177B	SEL1L3	IGHG3	LINC00675	IGKV4-1	IHH	TSPAN3	MIR205HG	REG4	IGJ	ALDH2	APLP1	IGHV5-51	DENND2C	SH3BGRL2	IGHV3-53	FCRL5	LRRC66	CADPS2	IGLV2-23	ZFPM1	CAPN9	IGHA1	SYCN	ANKS4B	EXOC6	CD79A	IGKV2-28	IGLV3-19	IGLV1-40	IGLL5	PRR15L	IGKV1-6	IGHV1-58	IGLV3-1	DDC	GP2	PDX1	LAX1	IGHV2-70	RALGPS1	IGHV4-59	TNFRSF17	NR1I2	HNF4G	PLS1	FAM46C	HNF4A	IGHV3-48	IGHV3-74	RP11-627G18.3	PARD3B	IGLV4-69	TSPAN8	TMEM98	IGHG2	IGKV3-20	IGHV3-49	MUC17	CENPV	FAM83E	IGHV1-46	IGLV3-25	IGHV3-7	AHCYL2	PRR15	CPB1	MAP7D1	SLC30A2	C16orf74	CELA2B	RP11-528A4.2	IGKV1-16	IGKV1-33	CTB-55O6.8	EPS8L3	CMBL	DDAH1	ATP7B	SYTL2	CHN2	IVL	LGALS4	RP5-1033H22.2	IGHV3-23	IGKV1-5	CAPN5	DOK4	LRRC31	IGKV1-8	ERP27	SERP2	ARRB1	IGLV3-21	IGHV1-69	GMDS	IGHV3-13	TOX3	IGLV1-36	IGHV3-43	KALRN	RFX8	MARCKSL1	IGHV3-11	POF1B	MYO7B	C11orf75	CALML4	NPDC1	FRZB	TNC	GJB1	FAM118B	FAM211A	IGLV1-47	PLLP	PPFIBP2	TXNDC5	IGHA2	RNASE4	IGLV1-44	SEMA4G	IGKV6-21	AC124789.1	IGHV3-33	IGHV4-4	POU2AF1	CAV1	AKR7A3	PGPEP1	FEZF1-AS1	RNASE4	IGHV3-72	IGHV3-15	GPR160	SLC12A2	PRSS3P1	SLC4A4	SLC44A4	AMY2B	RAB11FIP4	IGHV3-21	SLC16A12	IGHGP	AC007879.7	IGLV1-51	AGR2	RAB20	REG1B	MUC13	IGLV2-11	XBP1	MECOM	AP001187.9	C1orf115	NR3C2	AC068491.1	C5orf30	PRSS3	IGLV6-57	EGFR	RHOU	SHROOM3	IGKV1-27	IGKV2-30	BACE2	RNF128	IGHV4-61	CCRL2	CAPN8	FOXA3	ARHGAP23	TRIM2	AMY2A	ERN2	IL7	RP11-731F5.2	DOPEY2	VSIG2	PRSS3P2	SLC9A2	C19orf77	MRAP2	IYD	IGHV2-5	IGLC1	CELA2A	RAB19	MARC2	FJX1	DPCR1	S100A2	ANXA13	C2orf88	MUC3A	KCNH8	CLRN3	CCL15	PTPRJ	IGLV1-41	CDH26	HMGA2	RP11-175O19.4	PNLIPRP2	KIAA1609	HOGA1	CRB3	CYP2C19	ANG	PDE11A	BCAS1	GPD1L	RP11-325F22.5	IGLV2-18	MS4A8B	ARHGEF38	EREG	MYO1A	BRSK2	IGHV2-26	KIAA1244	ASPHD2	AKR7L	SEMG1	TMTC4	PLEKHA6	RP11-528G1.2	DEGS2	SYT13	RHCG	NOSTRIN	CTSS	PTCH1	IGKV2-24	TMEM38A	TJP3	PIK3C2B	BLNK	RP11-867G23.8	PRKAA1	FUT2	PIWIL4	CCT8P1	LDLRAD3	MBNL3	TGFBI	KRT5	MNX1	REG1A	PLCE1	HRAS	ADK	ANXA1	BHLHA15	FNIP2	ANXA10	IGHV1-24	CA8	IGHM	ST6GALNAC1	TMPRSS2	IGKV6D-21	IGHV3-20	ACSS2	TPD52L2	PHGR1	HS3ST5	SLC37A1	SLC5A1	EDEM3	FGFR4	CDCA4	EDN3	FXYD2	BCL2L14	FUT4	FOSL1	ALDH18A1	OCLN	IGLV7-43	ERGIC2	ATP8A1	AC112721.2	KLK1	FAM3D	CD27	ASRGL1	LPIN1	IGHV3-30	C4orf19	ATP8B1	IGKV1D-16	RP11-1220K2.2	KBTBD11	HID1	ITGA5	CA13	MAPK11	C8orf47	FEZF1	GPX2	IGHV6-1	IGKV3D-15	C20orf118	PGC	UNC5CL	IGHG4	DMBT1	CADPS	NR0B2	KLC3	KRT14	KIAA1467	A1CF	ARL6IP1	LGR4	PHYHIPL	NUDT12	TUBB6	ABHD2	CTAGE3P	SNAI2	TPD52	TMEM40	MEI1	SORT1	BCAR3	DISP1	CPA4	BNIP2	CDHR5	MAD1L1	LINC00261	FSCN1	ACY3	RND3	IGHV4-39	ADAM17	REG3A	C11orf24	BTBD11	TMEM194B	IGLV3-10	STXBP6	PLXNA2	PLCH1	IGLV2-8	WDR17	DAG1	TRIM10	PARM1	AIG1	GDA	BCL2L15	ITLN1	RGS20	PNLIP	FRAT1	CAPN6	NIN	SLC45A3	NQO1	ARSE	FRY	CAMSAP3	HSD17B2	RBM47	SLC40A1	MT2A	DNAJC22	KRT6A	NPC1L1	DRAP1	ZNF238	RUNDC3A	IGLV5-45	MCU	IGKV1-9	RP11-728F11.1	ERBB3	RIMS2	KIF12	FAM86C1	SULT1B1	PLCB4	MT1L	AEBP2	AQP11	LINC00483	GALNT4	AC106876.2	PBLD	FER1L6	IRF4	SH3RF1	HHLA2	TRIM15	EPB41L4B	HNF1A	GPR35	ICK	HNF1B	SV2B	L1CAM	IGHV4-28	RP13-25N22.1	CACNA1D	PDXDC1	ARHGAP26	IGHV4-31	MTMR12	USH1C	PTHLH	CLDN23	ENAM	ACRBP	SERAC1	RP11-294O2.2	LCOR	MMP15	B3GNT1	PDZD3	C6orf222	ALDH1A1	TMEM2	ACSS1	TMEM144	SLC35B3	ALAD	PRR11	CXADR	GLP2R	MTMR8	MAPK12	FAM149A	IGKV1-17	TMEM63A	AC027612.6	GAL3ST1	CCL15-CCL14	HDHD3	RP11-363E7.4	BICD2	REPIN1	KIAA1324	LINC00152	GJB6	CREB3L1	MGST2	MAPKBP1	SLC13A2	GSTA1	TRNP1	FKBP11	SLC39A13	GSTM4	NIPAL4	IGKV3D-20	RP11-465B22.3	RP11-65J3.1	FZD6	CHDH	SLC38A3	CD38	ACVR2A	ATP8B3	GIPR	RPS6KL1	AC156455.1	JSRP1	CSNK1E	FBP1	TNFRSF11A	CD44	TNFSF13	SLC1A1	CEBPB	PHLDB2	FRAT2	PLA1A	ATP10B	COL5A3	SPHK1	IGHV1-2	SCAMP2	IFITM10	PDIA2	VILL	GFPT1	A2ML1	PCNXL4	IGLV3-27	MAP3K4	NR5A2	TBXAS1	SLC6A20	RP11-295K3.1	MPC2	AC008040.1	RDX	LNX2	F11	FAM174B	PTPLA	PLEKHG5	C1QTNF6	CMSS1	AP000439.3	AC013275.2	O3FAR1	FZD5	PSMC1P2	NDRG4	ZNF792	PLAC8	TRIP13	SPTBN1	EPHA10	C11orf92	GJA1	RAVER2	PAPL	DKK4	UHRF2	MAGI1	IGHV3-64	RP11-244F12.3	CCDC19	MAN1C1	PYGL	BTNL9	JARID2	VIL1	TMEM50B	PCGF5	PCDH20	NPHS1	SLC6A19	SOX12	SLC20A1	SLAIN1	SLC9A3																																																																																																																																																																																											
Sadanandam-signature	Sadanandam-signature	A1CF	ABI3BP	ACAD9	ACADSB	ACE	ACVR1B	ADAM28	ADAMTS2	ADAMTS7	ADM	AFG3L1	AKR1C4	ALDH1A1	ANGPTL3	APLP1	APOH	AQP8	ARRDC4	ATHL1	BCAT1	BID	BTC	C19orf77	C20orf46	C7orf68	CADPS	CAPN13	CAPNS1	CASP1	CASR	CDS1	CEACAM1	CELA1	CHI3L2	CHST1	CHST8	CKS2	CLCA1	CLDN1	CLDN10	CLDN11	CLPS	CNPY2	COL1A2	COL5A2	COL8A1	COPE	CPA1	CPA2	CRYBA2	CSDA	CTRB1	CTRC	CTRL	CUZD1	CXCR4	CXCR7	CYP4F3	DAPL1	DEFB1	DLL1	EFNA1	EGFR	EGLN3	ELMO1	ELSPBP1	ENC1	ENTPD3	ERBB3	F10	F12	F7	FAM19A5	FCGR1A	FGB	FGD1	FKBP11	FMNL1	FOXO4	GAL3ST4	GATM	GCGR	GLP1R	GLRA2	GLS	GP2	GRM5	GRSF1	GUCA1C	HAO1	HERC5	HGD	HR	HSD11B2	IDS	IFI44	IL18R1	IL20RA	IL22RA1	IMPA2	INPP5F	INS	IP6K2	KIT	KLK4	KLK8	LEF1	LGALS2	LGALS4	LOXL4	LRAT	MAFB	MAP3K14	MASP2	MBP	MIA2	MLN	MMP1	MNX1	MOBKL1A	MTP18	MX2	MXRA5	NAAA	NDC80	NEFM	NEK6	NETO2	NUDT5	NUPR1	P2RX1	PAFAH1B3	PDE4DIP	PDGFC	PDIA2	PEMT	PFKFB2	PFKFB3	PIF1	PLA1A	PLCE1	PLIN3	PLXDC1	PMEPA1	PMM1	PNLIP	PNLIPRP1	PNLIPRP2	POSTN	PPEF1	PRLR	PRSS1	PRSS2	PRSS22	PRSS3	PRSS8	PSMB9	PTPLA	PTTG1	PVRL4	RAB17	RAB20	RAB7L1	RARRES2	RBP4	RBPJL	REG1B	ROBO3	SCD5	SERPINA1	SERPINA3	SERPIND1	SERPINI2	SH3BP4	SLC12A7	SLC16A3	SLC2A1	SLC30A2	SLC7A2	SLC7A8	SLC8A2	SMARCA1	SMEK1	SMO	SMOC2	SPAG4	SRGAP3	SSX2IP	STEAP1	STEAP3	SUSD5	TACSTD2	TAPBPL	TBC1D24	TECR	TFF1	TGFBR3	TGIF1	THBS2	TLE2	TLR3	TM4SF1	TM4SF4	TM4SF5	TMEM176B	TMEM181	TMEM51	TMEM90B	TMPRSS15	TMPRSS4	TNFAIP6	TOP2A	TSC2	TSHZ3	TWIST1	TYMS	USP29	VEGFC	VIPR2	WNT4	ZNF521																																																																																																																																																																																																																																																																																																																																																																																																																																																																																																																																																																																																			
intestinal stem cell signature	intestinal stem cell signature	WEE1	TLE3	FLOT2	CROCC	SCML4	FAM13A	PSIP1	CBX2	SLC1A3	NME4	NGEF	L3MBTL3	HES1	ZMYM4	ENPP1	GRLF1	DPYSL5	PHGDH	STMN1	ZFP280C	RBM38	MARCKSL1	ACSS1	HK2	SLC25A4	HMGN1	PROM1	RRP1B	CHEK1	MGA	FAM60A	BCL11A	ITGA1	ZMYM3	THUMPD2	PBLD	FHIT	CDCA5	GTF2I	POLR1E	ZFP422	SNTB2	ESCO2	ZFP629	INSR	BAG2	PLSCR3	UHRF2	SLC27A1	DKC1	DOCK11	TRIT1	XPC	TIA1	MTUS1	NARG2	ZFP191	TRP53BP1	CHEK2	CPS1	GINS4	MCM2	WHSC1	MSH2	TRIM28	NRM	NFIB	ATRX	EPHB2	ZFP512	ZFP346	RPA2	SURF2	HELLS	CCNB1	TTK	ZFP451	DNAJC9	POLA2	PDXK	SIPA1L1	ACSS2	PDP1	APEX1	SPATA13	ZFP280D	HMGB3	MCM5	ZFP828	UNC84B	MCM6	CLIC4	VGLL4	CDK4	MACROD1	TMX4	NEIL1	MCM3	ZMYM2	NMRAL1	PGCP	NUSAP1	MYCBP2	MCM7	SMAD5	MECP2	BCL11B	INCENP	HMGA1	NUP210	MCM4	FOXP4	RAD50	LZTS2	POU2F1	FLNA	RTN4	FHL2	HRSP12	SDSL	NUBPL	MBP	IVD	ADNP	ERI1	PKIG	BPHL	SPIN1	LHPP	UROD	ISG20L2	DTD1	LYPLAL1	ATXN10	METT5D1	PHF6	RNF2	ARSB	PPP1R1B	ZFP740	FTO	WDR55	POLR1A	CHCHD6	NHP2	BRD8	BCKDHA	CYP2E1	LGR5	TNFRSF19	FSTL1	GKN3	SCN2B	CES1D	PRELP	SP5	E230029C05RIK	IL17RD	FMNL2	ARL4C	CTTNBP2	RGMB	ANGPT2	AXIN2	HUNK	CAR12	PTPRO	DCT	SFRP5	SYCN	CLCA2	1300002K09RIK	CASP12	EMP2	MIA1	PSRC1	NOTCH1	RNF43	DDO	ARHGEF4	CLCA1	EVL	UTRN	ESRRG	ESAM	FGFR4	SEMA7A	WWTR1	SORCS2	RAD51L1	IRS1	MPP3	TTC21B	CDO1	PLA2G4A	ATG16L2	EPHA4	SMO	CPN1	KLHL8	RNF32	FZD2	D930015E06RIK	TGIF2	WDR35	ELL3	APCDD1	CDC42EP1	FZD7	AFAP1	MEX3A	ADRA2A	SHISA2	POGK	GRAMD1A	SOX4	NAPEPLD	TXNDC16	SECTM1B	SLC23A3	CITED4	B930095G15RIK	EPHB3	GPR30	PPAP2B	ZNRF3	TFPI	PLEKHB1	RGS12	FARP1	CD320	CC2D2A	CBX6	TEAD2	MYCL1	RASA3	PLXNB1	MAN2A2	LARGE	NAP1L1	TRIM44	PRKD3	GKAP1	SRL	TEX9	6230424C14RIK	GPLD1	CACHD1	MYC	ZRANB3	WWP1	LIPT2	DYNC2H1	GAS6	ATM	PTPRS	SNX10	ZFP12	KCNE3	TTPA	WDR90	IMMP2L	DMPK	FBXO21	PSD3	DDB2	ZKSCAN17	SLC19A2	CLIC6	AFAP1L1	ASCL2	SORBS2	NAV1	SLCO3A1	OLFM4	AGR3	MSI1	SOAT1	CDCA7	CD44	CDK6	AQP4	CGNL1	SLC12A2	MECOM	TNS3	PHLDB2	SMOC2	DACH1	CLCA4	LCP1	FAM115C	ACSM3	KCNQ1	SOX9	PAICS	SEPT6	CNN3	PICALM	GLRX	VDR	GRB7	SESN3	ZBTB38	FAM115A	PTPRM	RASSF4	ZFHX3	PDE3B	FHDC1	ZFP292	TUBB2B	EFNA4	LRIG1	FRAS1	ADRBK2	KIF12	PRKACB	ATP11A	SPATA24	POLI	MCC	SLC44A2	TBC1D19	ZFP462	1500011H22RIK	ARHGAP39	ZBTB12	EHF	APP	GM5918	TRIM37	MARVELD1	PPP1R9A	PELI2	TNS4	MFGE8	SLC39A10	PPAT	ZFP566	KLHL23	TIAM1	GM3626	AQP1	TMEM132A	RHBDF1	2310008H04RIK	PBX1	TNFSF10	ALS2CR4	PHLPP1	IFT122	BCL2	LYSMD2	ZFP397	TSPAN5	ACVR2B	MLH3	BRCA2	ZFP275	ENGASE	NELF	GABBR1	RGNEF	PPM1F	PRRC2B	AU020206	FADS1	NOD1	RNF219	4933439C10RIK	PNPLA7	ZFP704	C79407	ERI2	TNFAIP8L1	TTC23	MPZL3	ZBTB25	MAGED1	FAM92A	CCDC18	ZFP783	KRT23	MLXIP	LANCL1	LPAR6	ZFP553	POGLUT1	POLE	MCM8	HAUS4	ZFP90	PLCE1	FAM189B	PDS5B	TGIF1	PHC1	BLNK	SPICE1	ASPM	ISYNA1	PALB2	HIRIP3	ALMS1	LASS6	MPZL1	CENPF	MDN1	SEMA3B	ZMYM1	CEP192	UNG	PRPF40B	ATR	AI480653	ZFP318	TMEM9	GINS1	IFITM2	VNN1	SMPX	TMEM194	DTL	CSNK1E	DCTD	XRCC5	NT5C3L	ALDH7A1	LIMK2	ETV6	ELMO1	DAPK2	NFIC	TIMELESS	CKAP2	MYO1B	NFIA	CSAD	TBC1D4	BCKDHB	BCL7A	PCK2	YAP1	STK39	RPRD1A	ILF3	KIF20A	MIF	MKL2	FAM120C	NCOR2	PCDH8	RASSF5	SLC14A1	NR2E3	1190002H23RIK	SMARCD3	AK7	BHLHB9	PRSS23	IFITM3	WFDC15B	RDH16	ZFP618	LECT2	H2-EB1	IFFO2	ZC3HAV1L	KLHL24	TBC1D9	CIITA	NRTN	NRG4	TCF7	GREB1	NRN1	AI747448	DTX4	TRIM32	RASL11B	ZFP503	BC021891	PDGFA	TLR2	S100PBP	4933431E20RIK	FGD1	1110051M20RIK	SLC16A13	KANK1	CLU	PHF20	ZFP956	1700040L02RIK	RHOBTB3	FAM171A1	PDE8B	RCCD1	SGK1	IMPDH2	IRF2BP2	ACOT1	TIFA	TRIM24	HMGA2	HMBOX1	HMGCS2	ARID5B	NOXA1																																																																																																																																																																																																																																																																																																		
BHATTACHARYA-EMBRYONIC-STEM-CELL	http://www.broadinstitute.org/gsea/msigdb/cards/BHATTACHARYA-EMBRYONIC-STEM-CELL	EIF4A1	AURKB	CCNC	CDK1	EPRS	RPL6	KPNA2	SERPINH1	SSB	POU5F1	PSIP1	DDX21	PPAT	HSPA4	MAD2L2	CCT8	LRRN1	ZNF117	PHF17	ELOVL6	GAL	RPL4	IGF2BP2	CALU	KRT18	TUBB6	ZNF43	RPS24	HNRNPAB	HMGB2	PTTG1	IDH1	DTL	HDAC2	CACHD1	NANOG	GSX1	ARL5B	SRSF7	LEFTY1	NASP	IFITM1	KIF4A	PITX2	PSMA3	TNNT1	RCC2	GJA1	GNL3	TDGF1	NME2	RPLP0	LIN28A	HMGA1	RSL24D1	TPX2	PSMA2	KRT8	SNRPF	MGST1	ZNF257	TK1	DNTTIP1	CYP26A1	MTHFD2	FABP5	SEPHS1	IMPDH2	RPL7	SMS	SEMA6A	TUBB	MTHFD1	GDF3	FAM83D	SLC16A1	SFRP2	NBR2	SET	RPL24	PODXL	LDHB	DSG2	CRABP2	CRABP1	BRIX1	ACTC1	NPM1	CCNB1																																																																																																																																																																																																																																																																																																																																																																																																																																																																																																																																																																																																																																																																																																																																							
RAMALHO-STEMNESS-DN	http://www.broadinstitute.org/gsea/msigdb/cards/RAMALHO-STEMNESS-DN	CSF1R	RELN	PPP3CA	ST3GAL6	MLLT11	EMR1	HSD11B1	PRKCB	CD53	RTN3	ACVRL1	CLEC4A	CYFIP2	EVI2A	HBA2	CD68	FAM101B	CD47	AP2A2	BMP1	SLFN12L	CEBPD	SLC11A1	MESDC2	GAS7	ABR	ZAP70	GRINA	CORO1A	ARG2	CTSB	MPEG1	PTPRC	ADSSL1	HDC	B4GALNT1	LY86	SIRPA	RBMX	KCNAB2	NCAM1	ITGB2	PAPSS2	PGLYRP1	COL11A2	TYROBP	ZDHHC14	NIN	MAL	BIN1	HSD17B8	WDR92	LAT2	CST3	CMA1	PPP2R5A	EVL	PACSIN1	RGS10	STMN1	CTSS	NHSL2	PPPDE2	ROGDI	GSN	NRP1	LOC284023	PLD4	GRIA2	CBX4	RGS14	ABLIM1	RNASEK	EFHD1																																																																																																																																																																																																																																																																																																																																																																																																																																																																																																																																																																																																																																																																																																																																																						
pNET-Genes-of-interest	pNET-Genes-of-interest	CDKN2A	PIK3R2	VHL	GLI2	FOXO3	FOXO1	RASGEF1C	LATS2	IRS1	MLST8	MEN1	PDPK1	POLR2J	DDIT4	ALK	GLUD2	AR	CARD11	KRAS	TSC2	MAP4K1	RHEB	BRD1	RPTOR	AKT1	DAXX	PTEN	MYC	RICTOR	PIK3CA	CDKN1B	POLR2G	SETD2	RASAL2	TSC1	AKT2	ATRX	TP53	NF1	PIK3C2A	PIK3R1	LGR5	MTOR	ARFGEF2	EED	ZEB2	SMAD1																																																																																																																																																																																																																																																																																																																																																																																																																																																																																																																																																																																																																																																																																																																																																																																	
pNET-Genes-of-interest-2	pNET-Genes-of-interest-2	MEN1	MYC	RICTOR	ATRX	PIK3C2A	DAXX	RHEB	CDKN2A	TP53	RB1	PTEN	VHL	SETD2	CARD11	BRD1	MAP4K1	NF1	FOXO3	CDKN1B	POLR2G	NRAS	PIK3R2	MLST8	MTOR	PIK3CA	IRS1	FOXO1	RHEB	TSC1	DDIT4	LATS2	GLUD2	TSC2	KRAS																																																																																																																																																																																																																																																																																																																																																																																																																																																																																																																																																																																																																																																																																																																																																																																														
MLL-gene-Meyer-et-al	MLL-gene-Meyer-et-al	EPS15	ABI1	ACACA	ACER1	ACTN4	AF10	AF15Q14	AF17	AF17Q25	AF1P	AF1Q	AF3P21	AF4	AF5Q31	AF6	AF6Q21	AF9	AF9Q34	AFF1	AFF3	AFF4	AFX	ARGBP2	ARHGAP26	ARHGEF12	ARHGEF17	ASAH3	BCL9 L	C2CD3	CALM	CASC5	CBL	CBP	CDCREL	CENPK	CIP29	CREBBP	DAB2IP	DCP1A	DCPS	DKFZP586P0123	EEFSEC	EEN	ELL	ENL	EP300	FBP17	FKSG14	FLJ10849	FLNA	FNBP1	FOXO3	FOXO4	FRYL	GAS7	GMPS	GPHN	GRAF	KIAA0284	KIAA1856	LAF4	LAMC3	LARG	LASP1	LCX	LOC100128568	LPP	MAML2	MAPRE1	MLLT1	MLLT10	MLLT11	MLLT3	MLLT4	MLLT6	MPFYVE	MYO1F	NCKIPSD	NEBL	NRIP3	P300	PICALM	SELB	SEPT11	SEPT2	SEPT5	SEPT6	SEPT9	SH3GL1	SMAP1	SORBS2	TET1	TIRAP	TNRC18	UBE4A	VAV1	ZFYVE19																																																																																																																																																																																																																																																																																																																																																																																																																																																																																																																																																																																																																																																																																																																															
Mutated-Immuno	Mutated-Immuno	CASP8	B2M	PIK3CA	SMC1A	ARID5B	TET2	ALPK2	LPAR2	COL5A1	TP53	DNER	NCOR1	SSX5	MORC4	CIC	IRF6	MYOCD	CNKSR1	SLC22A14	NF1	SOS1	ARID2	CUL4B	DDX3X	FUBP1	TCP11L2	HLA-A	CSNK2A1	MET	ASXL1	TMEM88	DNMT3A	EP300	MUC17	OVOL1	HLA-B	HLA-C																																																																																																																																																																																																																																																																																																																																																																																																																																																																																																																																																																																																																																																																																																																																																																																											
Gene-of-interest	Gene-of-interest	ABI1	ABI2	ABL1	ABL2	DOT1L	YY1	HMGB2	GRHL1	E2F6	BCL6	RB1	RBL1	PLZF	EZH2	EZH1	SUZ12	RBAP48	RBAP46	PCL1	PCL2	PCL3	HDAC2	SIRT1	RNF1	RNF2	CBX2	CBX4	CBX6	CBX7	CBX8	PHC1	PHC2	PHC3	PCGF1	PCGF2	PCGF3	PCGF4	PCGF5	PCGF6	ZNF134	SCMH1	SMARCA2	SMARCA4	ARID1A	SMARCC2	SMARCB1	SMARCA1	BPTF	KMT2A	KMT2D	KMT2C	KMT2B	PSIP1	WDR5	ASH2L	RBBP5	C10orf9	JARID1C	JARID1B	UTX	JMJD3	ASXL1	ASXL2	EP300	EP400	CREEB	EPC1	CHD4	CHD7	ZMIZ1	MED12L	THRAP2	SCMH2	YAF2	KDM2B	DCAF7	JARID2	C17orf96	AEBP2	BAP1	FOXK1	FOXK2	KDM1B	MBD5	MBD6	SET1B	SET1A	WDR82	CFP1	ASH1L	CBP	ARID1B	SMARCC1	PHF10	DPF1	DPF3	DPF2	ACTL6A	ACTL6B	PBRM1	ARID2	SMARCD1	SMARCD2	SMARCD3	SMARCE1	ACTB	BCL7A	BCL7B	BCL7C	BRD7	BRD9	HDAC1	MBD2	MBD3	CHD3	KDM1A	RUVBL1	RUVBL2	TRRAP	KAT5	ACTR6	RNF213	DPY30	HCF1	PTIP	PA1	NCOA6																																																																																																																																																																																																																																																																																																																																																																																																																																																																																																																																																																																																																																																																																																	
Gene-of-interest-2	Gene-of-interest-2	EP400	BRD7	EP300	BRD9	SMARCD1	CHD4	SMARCA1																																																																																																																																																																																																																																																																																																																																																																																																																																																																																																																																																																																																																																																																																																																																																																																																																									
TGF-beta	TGF-beta	MMP3	MARCKSL1	IGF2R	LAMB1	SPARC	FN1	ITGA4	SMO	MMP19	ITGB8	ITGA5	NID1	TIMP1	SEMA3F	RHOQ	CTNNB1	MMP2	SERPINE1	EPHB2	COL16A1	EPHA2	TNC	JUP	ITGA3	TCF7L2	COL3A1	CDH6	WNT2B	ADAM9	DSP	HSPG2	ARHGAP1	ITGB5	IGFBP5	ARHGDIA	LRP1	IGFBP2	CTNNA1	LRRC17	MMP14	NEO1	EFNA5	ITGB3	EPHB3	CD44	IGFBP4	TNFRSF1A	RAC1	PXN	PLAT	COL8A1	WNT8B	IGFBP3	RHOA	EPHB4	MMP1	PAK1	MTA1	THBS2	CSPG2	MMP17	CD59	DVL3	RHOB	COL6A3	NOTCH2	BSG	MMP11	COL1A2	ZYX	RND3	THBS1	RHOG	ICAM1	LAMA4	DVL1	PAK2	ITGB2	COL6A1	FGD1																																																																																																																																																																																																																																																																																																																																																																																																																																																																																																																																																																																																																																																																																																																																																
IFN-gamma	IFN-gamma	IFI44	IFI44L	DDX58	IFI6	IFI27	IFIT2	IFIT1	IFIT3	CXCL10	MX1	OAS1	OAS2	OAS3	HERC5	SAMD9	HERC6	DDX60	RTP4	IFIH1	STAT1	TAP1	OASL	RSAD2	ISG15																																																																																																																																																																																																																																																																																																																																																																																																																																																																																																																																																																																																																																																																																																																																																																																																								
Wound healing	Wound healing	CEP78	LSM3	LRRC40	STK17A	RPN1	JUNB	NUP85	FLNC	HMGN2	RPP40	UQCR10	AIMP2	CHEK1	VTA1	EXOSC8	CENPO	PNO1	SLC16A1	WDR77	UBE2J1	NOP16	NUDT1	SMC2	SLC25A5	NUPL1	DLEU2	PDAP1	CCBL2	COX17	BCCIP	PLG	RGS8	SNRPC	PLK4	NUTF2	LSM4	SMS	EBNA1BP2	C13orf27	VDAC1	PSMD14	MYCBP	SMURF2	GNG11	F3	IL7R	BRIP1	HNRNPA2B1	DCK	ALKBH7	HN1L	MSN	TPM1	HYLS1	HAUS1	NUP93	SNRPE	ITGA6	CENPN	C11orf24	GGH	PFKP	FARSA	EIF2AK1	CENPW	TUBA4A	TRA2B	UMPS	MRTO4	NUDT15	PGM2	DBNDD1	SNRPB	MNAT1	NUP35	TCEB1	HSPB11	C19orf48	ID3	IPO4	FARSB	EIF4G1	SKA1	MFSD11	PLAUR	MARVELD2	MCM3	DHFR	RNF41	ID2	H2AFZ	CDK2	NCLN	ZWILCH	DYNLT1	C16orf61	SLC25A40	RHOC	CCT5	PDIA4	SNRPA	RBM14	PDLIM7	PITPNC1	TPM3	CORO1C	ERLIN1	PAICS	TPRKB	SKA2	MYBL1	SH3BP5L	BRCA2	SAR1A	POLR3K	MRPS28	NUP107	TUBG1	PNN	FAM167A	RFC3	MYL6	MCM7	MAGOHB	FAM89B	TOMM40	CDCA4	MT3	MTHFD1	PSMD12	MYBL2	CKLF	NRIP3	EZR	C12orf24	GPLD1	SRM	RAB3B	NLN	MT1F	TNFRSF12A	TPI1	HAS2	APOO	FBXO41	MRPL37	GSTCD	SDC1	WDR54	RNF138	APITD1	RMND5B	ENO1	MAP3K8	TMEM130	SNX17	KRR1	TAGLN	PA2G4	RUVBL1	SNRPD1	LOXL2	POLE2	MAPRE1	IMP4	EMP2	PSMD2	MET	IFRD2	LMNB2	PLOD2	NCEH1	NME1	STRA13	ACTL6A	DLEU1	SNRPA1	CBX1	LYAR	PTPLB	PFN1	CENPJ	COTL1	SPRYD7	USPL1	MRPL12	ADAMTS1	GLRX3	WSB2	MRPS16	DCLRE1B	MKKS	C3orf26	CPEB4	SPAG17	MLF1IP	UAP1	COQ2	WDHD1	DCBLD2	KIAA0090	SAR1B	PSMA7	PSMC3	COPS6	DUT	PPIH	PHF19	TPM2	MCTS1	EIF4EBP1	HNRNPR																																																																																																																																																																																																																																																																																																																																																																																																																																																																																																																																																																																																												
Pan-F-TBRS	Pan-F-TBRS	ACTA2	TPM1	TNS1	TGFBI	TAGLN	SH3PXD2A	SEMA7A	PXDC1	IGFBP3	HSPB1	FSTL3	FAM101B	CTPS1	CTGF	COL4A1	CNN1	ADAM19	ADAM12	ACTG2																																																																																																																																																																																																																																																																																																																																																																																																																																																																																																																																																																																																																																																																																																																																																																																																													
CD8 T effector	CD8 T effector	CD8A	TBX21	 PRF1	 IFNG	GZMB	GZMA	CXCL9	CXCL10																																																																																																																																																																																																																																																																																																																																																																																																																																																																																																																																																																																																																																																																																																																																																																																																																								
PDAC	PDAC	CUZD1	PAQR8	CTRC	CEL	CELA3B	CPA1	CPA2	CLDN18	CLPS	MZB1	PNLIPRP1	SERPINI2	KIAA1211	PIP5K1B	CRYL1	RBPJL	PKDCC	REG1P	AQP8	IQGAP2	KCNE3	CTSE	IGKV1-12	CTRB1	IGKC	AC096579.7	AC021218.2	FAM134B	IGHG1	C9orf152	ATP2A3	SOWAHA	SHH	LYZ	C2orf72	PRSS1	IGLV2-14	GSDMC	CYSTM1	RP11-331F4.4	CSDA	CELA3A	DERL3	TM4SF5	IGKV1D-39	CTRB2	FMO5	REPS2	REG3G	BTNL8	PTPRN2	ADD3	SELENBP1	PLA2G1B	TFF1	CYP2C18	PIM2	ANXA4	ABP1	IGHV1-18	IGKV3-11	TM9SF3	SMPD3	IGLC3	SSTR1	MARCH3	GATA6	PLA2G10	IGKV3-15	IGHV4-34	CTRL	FAM177B	SEL1L3	IGHG3	LINC00675	IGKV4-1	IHH	TSPAN3	MIR205HG	REG4	IGJ	ALDH2	APLP1	IGHV5-51	DENND2C	SH3BGRL2	IGHV3-53	FCRL5	LRRC66	CADPS2	IGLV2-23	ZFPM1	CAPN9	IGHA1	SYCN	ANKS4B	EXOC6	CD79A	IGKV2-28	IGLV3-19	IGLV1-40	IGLL5	PRR15L	IGKV1-6	IGHV1-58	IGLV3-1	DDC	GP2	PDX1	LAX1	IGHV2-70	RALGPS1	IGHV4-59	TNFRSF17	NR1I2	HNF4G	PLS1	FAM46C	HNF4A	IGHV3-48	IGHV3-74	RP11-627G18.3	PARD3B	IGLV4-69	TSPAN8	TMEM98	IGHG2	IGKV3-20	IGHV3-49	MUC17	CENPV	FAM83E	IGHV1-46	IGLV3-25	IGHV3-7	AHCYL2	PRR15	CPB1	MAP7D1	SLC30A2	C16orf74	CELA2B	RP11-528A4.2	IGKV1-16	IGKV1-33	CTB-55O6.8	EPS8L3	CMBL	DDAH1	ATP7B	SYTL2	CHN2	IVL	LGALS4	RP5-1033H22.2	IGHV3-23	IGKV1-5	CAPN5	DOK4	LRRC31	IGKV1-8	ERP27	SERP2	ARRB1	IGLV3-21	IGHV1-69	GMDS	IGHV3-13	TOX3	IGLV1-36	IGHV3-43	KALRN	RFX8	MARCKSL1	IGHV3-11	POF1B	MYO7B	C11orf75	CALML4	NPDC1	FRZB	TNC	GJB1	FAM118B	FAM211A	IGLV1-47	PLLP	PPFIBP2	TXNDC5	IGHA2	RNASE4	IGLV1-44	SEMA4G	IGKV6-21	AC124789.1	IGHV3-33	IGHV4-4	POU2AF1	CAV1	AKR7A3	PGPEP1	FEZF1-AS1	RNASE4	IGHV3-72	IGHV3-15	GPR160	SLC12A2	PRSS3P1	SLC4A4	SLC44A4	AMY2B	RAB11FIP4	IGHV3-21	SLC16A12	IGHGP	AC007879.7	IGLV1-51	AGR2	RAB20	REG1B	MUC13	IGLV2-11	XBP1	MECOM	AP001187.9	C1orf115	NR3C2	AC068491.1	C5orf30	PRSS3	IGLV6-57	EGFR	RHOU	SHROOM3	IGKV1-27	IGKV2-30	BACE2	RNF128	IGHV4-61	CCRL2	CAPN8	FOXA3	ARHGAP23	TRIM2	AMY2A	ERN2	IL7	RP11-731F5.2	DOPEY2	VSIG2	PRSS3P2	SLC9A2	C19orf77	MRAP2	IYD	IGHV2-5	IGLC1	CELA2A	RAB19	MARC2	FJX1	DPCR1	S100A2	ANXA13	C2orf88	MUC3A	KCNH8	CLRN3	CCL15	PTPRJ	IGLV1-41	CDH26	HMGA2	RP11-175O19.4	PNLIPRP2	KIAA1609	HOGA1	CRB3	CYP2C19	ANG	PDE11A	BCAS1	GPD1L	RP11-325F22.5	IGLV2-18	MS4A8B	ARHGEF38	EREG	MYO1A	BRSK2	IGHV2-26	KIAA1244	ASPHD2	AKR7L	SEMG1	TMTC4	PLEKHA6	RP11-528G1.2	DEGS2	SYT13	RHCG	NOSTRIN	CTSS	PTCH1	IGKV2-24	TMEM38A	TJP3	PIK3C2B	BLNK	RP11-867G23.8	PRKAA1	FUT2	PIWIL4	CCT8P1	LDLRAD3	MBNL3	TGFBI	KRT5	MNX1	REG1A	PLCE1	HRAS	ADK	ANXA1	BHLHA15	FNIP2	ANXA10	IGHV1-24	CA8	IGHM	ST6GALNAC1	TMPRSS2	IGKV6D-21	IGHV3-20	ACSS2	TPD52L2	PHGR1	HS3ST5	SLC37A1	SLC5A1	EDEM3	FGFR4	CDCA4	EDN3	FXYD2	BCL2L14	FUT4	FOSL1	ALDH18A1	OCLN	IGLV7-43	ERGIC2	ATP8A1	AC112721.2	KLK1	FAM3D	CD27	ASRGL1	LPIN1	IGHV3-30	C4orf19	ATP8B1	IGKV1D-16	RP11-1220K2.2	KBTBD11	HID1	ITGA5	CA13	MAPK11	C8orf47	FEZF1	GPX2	IGHV6-1	IGKV3D-15	C20orf118	PGC	UNC5CL	IGHG4	DMBT1	CADPS	NR0B2	KLC3	KRT14	KIAA1467	A1CF	ARL6IP1	LGR4	PHYHIPL	NUDT12	TUBB6	ABHD2	CTAGE3P	SNAI2	TPD52	TMEM40	MEI1	SORT1	BCAR3	DISP1	CPA4	BNIP2	CDHR5	MAD1L1	LINC00261	FSCN1	ACY3	RND3	IGHV4-39	ADAM17	REG3A	C11orf24	BTBD11	TMEM194B	IGLV3-10	STXBP6	PLXNA2	PLCH1	IGLV2-8	WDR17	DAG1	TRIM10	PARM1	AIG1	GDA	BCL2L15	ITLN1	RGS20	PNLIP	FRAT1	CAPN6	NIN	SLC45A3	NQO1	ARSE	FRY	CAMSAP3	HSD17B2	RBM47	SLC40A1	MT2A	DNAJC22	KRT6A	NPC1L1	DRAP1	ZNF238	RUNDC3A	IGLV5-45	MCU	IGKV1-9	RP11-728F11.1	ERBB3	RIMS2	KIF12	FAM86C1	SULT1B1	PLCB4	MT1L	AEBP2	AQP11	LINC00483	GALNT4	AC106876.2	PBLD	FER1L6	IRF4	SH3RF1	HHLA2	TRIM15	EPB41L4B	HNF1A	GPR35	ICK	HNF1B	SV2B	L1CAM	IGHV4-28	RP13-25N22.1	CACNA1D	PDXDC1	ARHGAP26	IGHV4-31	MTMR12	USH1C	PTHLH	CLDN23	ENAM	ACRBP	SERAC1	RP11-294O2.2	LCOR	MMP15	B3GNT1	PDZD3	C6orf222	ALDH1A1	TMEM2	ACSS1	TMEM144	SLC35B3	ALAD	PRR11	CXADR	GLP2R	MTMR8	MAPK12	FAM149A	IGKV1-17	TMEM63A	AC027612.6	GAL3ST1	CCL15-CCL14	HDHD3	RP11-363E7.4	BICD2	REPIN1	KIAA1324	LINC00152	GJB6	CREB3L1	MGST2	MAPKBP1	SLC13A2	GSTA1	TRNP1	FKBP11	SLC39A13	GSTM4	NIPAL4	IGKV3D-20	RP11-465B22.3	RP11-65J3.1	FZD6	CHDH	SLC38A3	CD38	ACVR2A	ATP8B3	GIPR	RPS6KL1	AC156455.1	JSRP1	CSNK1E	FBP1	TNFRSF11A	CD44	TNFSF13	SLC1A1	CEBPB	PHLDB2	FRAT2	PLA1A	ATP10B	COL5A3	SPHK1	IGHV1-2	SCAMP2	IFITM10	PDIA2	VILL	GFPT1	A2ML1	PCNXL4	IGLV3-27	MAP3K4	NR5A2	TBXAS1	SLC6A20	RP11-295K3.1	MPC2	AC008040.1	RDX	LNX2	F11	FAM174B	PTPLA	PLEKHG5	C1QTNF6	CMSS1	AP000439.3	AC013275.2	O3FAR1	FZD5	PSMC1P2	NDRG4	ZNF792	PLAC8	TRIP13	SPTBN1	EPHA10	C11orf92	GJA1	RAVER2	PAPL	DKK4	UHRF2	MAGI1	IGHV3-64	RP11-244F12.3	CCDC19	MAN1C1	PYGL	BTNL9	JARID2	VIL1	TMEM50B	PCGF5	PCDH20	NPHS1	SLC6A19	SOX12	SLC20A1	SLAIN1	SLC9A3																																																																																																																																																																																											
5h_essence	5h_essence	NUCB1	FXYD3	SMIM24	FXYD6	CTSA	PEMT	CHGA	CRYBA2	SPINT2	PLD3	SEZ6L2	LRPAP1	CYSTM1	MUC13	SERPINA1	ALDH1A1	VGF	SLC22A17	PALLD	F10	PCSK1N	MAFB	AGT	TM4SF4	GPX3	GC	GLS	SLC7A2	PCSK2	CHGB	CLU	PDK4	TTR																																																																																																																																																																																																																																																																																																																																																																																																																																																																																																																																																																																																																																																																																																																																																																																															
Not_Sig_Minus_Sig	Not_Sig_Minus_Sig	RTN4RL1	ADGRG5	PTPRN2	GIPR	ALPK3	MAP3K15	APLP1	SYT5	PRRT1B	DPP4	GPR142	BAIAP3	GABRB3	PTPRN	NR0B1	RGS4	SCG2	SHISAL2B	CNTN1	NRXN1	VTN	IRX2	CP	MAMLD1	PPL	FAM81B	NECAB2	GCK	CHST9	F10	ARX	RAP1GAP2	GPX3	WNT4	SERPINA10	CYP4F3	NEUROD1	CCDC198	NOL4	SYNGR4	SMIM24	FGB	ABAT	TMEM63C	SLC7A8	TPSAB1	RASGRF1	PARM1	SMIM6	KLHL41	MLXIPL	HGD	PCSK2	PCSK1N	RASD1	GPD1	KIAA1324	GJD2	SERPINA6	RFX6	CPE	PPP1R1A	CHGA	SST	KCNA5	NKX2-2	SMIM32	MAFB	ENPP2	GRIA3	KIF12	MEP1B	APOH	AGT	SERPINA1	G6PC2	IL13RA2	KCNK16	MMRN1	CALY	PAK3	TM4SF4	CLU	GPR119	SLC38A4	PAX6	FXYD2	CHGB	ABCC8	GC	SCG5	INS	PPY	GCG	SLC30A8	CFC1	TTR	DEFA5	SFN	MYBL2	RBM38	TOP2A	CDC20	GGH	LINGO1	CDKN2A	PTTG1	DDAH2	COL7A1	UBE2C	ADI1	CDK1	CDCA7	CDCA7L	NGB	TMSB15A	CDC45	DKK1	TUBB2B	ADAM9	HOXA10	TNNT1	KRT7	CEACAM5	HLA-A																																																																																																																																																																																																																																																																																																																																																																																																																																																																																																																																																																																																																																																																																																			
Neural_crest	Neural_crest	ASCL1	CHD7	FOXD3	NEUROG1	NEUROG2	NEUROG3	NUMB	PAX3	SLUG	SNAIL	SOX10	VIM	BMP4	BMP7	NOTCH1	NOTCH2	NGFR	ITGA4	ITGB7																																																																																																																																																																																																																																																																																																																																																																																																																																																																																																																																																																																																																																																																																																																																																																																																													
BENPORATH_ES_CORE_NINE_CORRELATED	http://www.broadinstitute.org/gsea/msigdb/cards/BENPORATH_ES_CORE_NINE_CORRELATED	TAF2	KDM1A	WDHD1	VGLL1	BCL11A	POLR1E	GATAD2A	RBL1	BCL11B	WWTR1	SOX11	TRIP13	GTF3C2	CREB3L2	NMI	MSL3	TFAP2C	DMRT1	HMGB2	HMGB3	ELF5	ELF4	GATA6	IRF1	WHSC1	MYC	NFE2L3	CEBPG	SOX4	MDFI	CBFB	SOX10	STAT1	FOXK2	HSF1	SPIB	CEBPB	HIVEP1	TEAD4	ID4	TFDP1	HMGA1	E2F1	ATF4	NFIL3	HIF1A	MYBL2	TGIF2	ETV6	EN1	MLXIP	SRF	ETV7	RELB	ZBTB5	SSRP1	FOXM1	MAFG	EZH2	RUNX3	NFIB	YEATS2	DEK	TBX19	MED8	ILF2	PAX6	KLF11	TBPL1	HTATIP2	SAP30	FOXG1	TFDP2	MYBL1	HDAC2	NFKBIE	TCF7L1	YBX1	FOXC1	TFCP2L1	VGLL4	ILF3	MYBBP1A	SOX9	KLF5	PLAGL2	ZIC1	DR1	SUPT5H	GTF2H4	EED	TCF20	CALR	LMO4	E2F3	PNRC1	TLE1	SIX3	E2F8	SMARCA4																																																																																																																																																																																																																																																																																																																																																																																																																																																																																																																																																																																																																																																																																																																												
Dif_sig_versus_non_sig	Dif_sig_versus_non_sig	UTP14A	RPL39	RPL23	SNUPN	EBNA1BP2	RPL19	UFC1	RBM8A	ADAM9	PFDN4	ENSA	SNRPE	H1FX	RPL22L1	RPL38	RPS8	PDHA1	RPL23A	COX20	MRPS21	RPL27	TMEM183A	NHP2	RPS17	SUMO1	LDHB	GPKOW	EIF3I	SARNP	SUPT4H1	HAUS7	TTC4	MRPL24	BOLA1	GEMIN6	YBX1	EXOSC5	RPL36A	RBM34	PRELID1	RPLP0	COPS9	MZT2B	UMPS	SNRPD2	DNAJC8	NSDHL	TIMM17A	MESP1	IMPDH2	INS	MLXIP	G6PC2	ZMIZ1	ABCC8	CA8	KCNK16	ZCCHC14	DSCAML1	MGRN1	KCNJ11	CYP4F30P	TAS2R5	PPL	EPAS1	PDPK1	NPIPB4	SLC7A8	POM121C	MAFB	RAP1GAP2	ANKRD10	KMT2D	MSI1	PTPN21	SNED1	BTBD19	MTMR3	SRCAP	SLC30A8	ALPK3	ZNF189	ZNF862	TBC1D8	TMEM63C	NPTX2	DOCK9	FOXJ2	UNC79	CHDH	KIAA0556	ERO1B	HEATR4	ZNF641	TSSK4	SPTB	RUFY3	ZNF19	ZNF10	CACNA1D																																																																																																																																																																																																																																																																																																																																																																																																																																																																																																																																																																																																																																																																																																																												
Ductal	Ductal	PMEPA1	CD59	FLNA	LCN2	PCSK1N	SCG5	IER3	IGFBP7	MUC1	MMP7	CPE	PTPRN	SCGN	GPX3	TMOD1	TM4SF1	TTR	EEF1A2	SCG2	PPP1R1A	DDIT4	PAM	PAX6	UCHL1	IDS	GNAS	GDF15	RAB3B	S100A6	NLRP1	MDK	DUSP1	CHGA	CHGB	PCSK2	SLC22A17	TIMP2	GNG4	CNIH2	NEUROD1	INS	MAP1B	SLC30A8	REG3A	LAMC2	SLC7A2	SPP1	C2CD4B	MAFB	C2CD4A	BEX1	SOX4	GAD2	RHOB	GCG	ALDH1A1	SEZ6L2	ERO1B	ABCC8	PEMT	IAPP	ZFP36L1	PDK4	PAPSS2	SCD	VAMP2	MALAT1	CLU	ATF3	RPS2	RPL3	RPL13A	RPL7A	RPL6	RPL4	SERF2	RPS3	CALM1	RPS6	RPLP0	RPL8	RPL10	RPL13	RPS8	RPS4Y1	GNB2L1	RHOC	RPL5	RPL7	RPL15	FTH1	EEF1A1	RPL21	HSP90AB1	RPL14	RPL10A	RPL27A	EEF1G	RPL9	RPSA	RPL17																																																																																																																																																																																																																																																																																																																																																																																																																																																																																																																																																																																																																																																																																																																											
Hisc	Hisc	RPS2	RPS4Y1	RPS8	RPL10A	RPS9	RPL13	RPS5	RPL6	RPL28	LGALS4	RPL9	DAZAP1	RPS26	SLC25A3	RPS16	CLDN7	ALDH1B1	EEF2	RPS17	UBA52	RPS7	RPSA	RPL12	CLEC2D	RPL18A	PPIA	RPL17	EIF5A	ATP5F1D	RPLP0	RPL4	RPS24	PPP1R1B	RPL11	RPL36A	RPS13	RPLP2	RPS10	RPL19	RPL8	FAU	RPL39	RPS15	RPS12	RPL10	RPS20	RPS23	COX5A	C1QBP	RPL18	RAET1L	EPCAM	RPL23A	RPL35	BSG	CYC1	RPS14	CDK4	CLDN3	IFITM2	PFN1	CD81	BTF3	RPL35A	COX4I1	RPL7A	PRELID1	PYCARD	MARC2	RPL14	RPS29	LGALS9B	MIPOL1	GSTO1	PLCB3	TMEM45A	SLC25A5	ERH	RPS21	RPS18	FKBP4	OLFM4	PHB2	RPS19	COX8A	MALAT1	RPL27A	RPL22L1	RPL24	RPS27A	EEF1B2	ADAMTSL3	CHCHD10	RPS11	SNRPB	CDCA7	H3F3A	CCL25	SAG	HNRNPK	NDUFA4	RPS28	PLAC8	MEFV	CHCHD2	LSR	HNF4A	DHRS4	FBP2	DEFB123	NME2	IDH3B	MRPL12	EIF3F	TPT1	TM4SF20	B4GALNT2	SPDYE4	KIAA1328	CLDN15	SMOC2	TYR	FADS2	CSRP2	GMDS	NLRP6	MAB21L3	PDE6A	NT5C	PTBP1	CRX	POU5F1	MYH7B	NLRP12	CLTA	VDR	OTC	HES2	KCNQ1	CCDC36	ALDOB	CORO1B	UQCRFS1	KBTBD12	CLCA4	KRT19	GPX2	LAIR1	PPP1CB	RANBP1	CDH17	PPP1CA	GPX1	TJP3	ZNF385A	TKT	COX7C	OR52K1	PI16	UBE2I	DRAXIN	CALML4	LGALS2	TMPRSS4	VSIG1	COX5B	BLOC1S6	EXD1	PTMA	SERF2	TSPAN8	SDHA	MAPK13	TBXA2R	CNN3	ATP5PD	CFL1	CNR2	RPL38	USHBP1	L1TD1	RNF186	SNRPA	IMPDH2	FERMT1	WDPCP	CTSZ	RPL23	OAT	KCNE3	SHISA9	FAM228B	LSM4	TMC4	MORF4L1	ATP5MC3	TIE1	ATP1A3	SEMA6B	CPS1	KIAA2012	COPE	DACT3	DEGS2	FBL	SCG5	TSGA13	NACA	ARHGDIA	EPHA10	EPS8L3	RRP1	AFMID	UQCRC1	TMC8	CDC37	FLT3LG	PGLS	PRDX1	WNT7B	UNC13D	SLC14A2	ATAD3A	TOMM40	FAM122C	DMC1	SHMT1	PRR19	SIGLEC10	AHCY	C5AR2	TXNL4A	KLRD1	HNRNPF	LAD1	RER1	B4GALNT1	SLC36A2	TP53	ATP5MF	NDUFS3	LAMP1	RBM3	OTUD6A	HMGA2	TBC1D8B	GGACT	HMGA1	GRB7	PRAP1	DCDC2C	DPPA4	ECI1	IDH2	ATP5F1C	RPL7	SDC4	RPL37A	METTL21A	RPS25	CXCR2	SPTSSA	CLUH	S1PR3	SSR4	C17ORF99	AP1S1	ARPC1B	MYO7B	SWI5	SYTL1	TMPRSS2	SLC35E2A	MGAM	PGLYRP1	IER2	NAA10	SNRNP70	ISYNA1	EBPL	KCNN4	COX6B1	SLC27A2	SRSF6	CPE	MFAP5	AKR1A1	SRP9	TTC3	GNAS	ATP5MC1	IL12RB1	ACSL5	COX6C	HNRNPM	PCDH11X	TRIM58	TSPO	PTEN	COX7A2L	LARS2	OPHN1	MRPL30	HMGN1	ATP5MC2	ODF2L	RAB42	IGFBP4	RPL27	PYCR3	C6ORF62	SLC37A2	RERG	PRKCSH	ACBD7	SRP14	TMEM234	ATP5F1B	NDUFB9	NUCB2	RAB25	POU2AF1	PROM1	IFITM3	MFGE8	FBXO43	PPDPF	C4ORF36	CD3G	TMEM238	PRR15L	NAIF1	NDUFS2	MOGAT3	DYNLL1	C10ORF82	TALDO1	MSRA	TMTC1	R3HDM2	STUB1	GLRX	KLF5	RPL30	DNAJC5B	SNRPF	NDUFA8	TOR1AIP2	WDR62	LY9	TSPYL1	PGF	ZYG11A	GJC1	UGT2B10	FAM173A	CFHR1	GALK1	SLC11A1	AP2S1	ACSS1	EIF3K	ABHD11	PNPLA2	RPL41	RAVER1	CCDC122	JDP2	GAL3ST4	EIF3G	GPA33	SLC1A5	IVNS1ABP	INMT	CDH23	FKBP8	B2M	CALM2	CD46	TLK1	GCSH	VASH2	TM4SF5	EPHB4	ATP5IF1	FCF1	PDLIM1	ATP5PF	SPINT2	TRMT1	IDH3G	SNRPN	TMED4	MTA2	ADRA1A	RMI2	SYAP1	NDUFS6	NOXO1	PLSCR2	PPP1R14D	FABP2	CREG2	TBL1XR1	EMC6	AKAP9	MRPL52	EIF4A1	GIPC1	SMARCB1	CCL22	ANO9	CERCAM	EIF4H	JUND	CIB1	CASP1	THRAP3	SLC39A5	C8ORF34	RNF187	HMGN3	LTBP4	FAR2	AKR7A2	BDH1	KANK2	B3GNT6	MFSD2B	ATP9B	NDUFA7	PGP	CYBA	RTN4	SLC30A8	BANF1	CHRD	HSD17B10	DCUN1D2	TXN	ACAA1	ASB3	REEP6	GABARAP	MAP2K2	POLR1D	N4BP2L2	CCDC142	CDX2	PRMT8	BAX	SAR1A	CAPZA1	HNRNPH1	HHIP	TGIF1	DNAAF1	FBXL18	SEMA4C	SCGN	SERINC2	KLK10	RBM42	TNRC6B	DSG3	ARRDC1	PAFAH1B2	TLR7	MUC13	CCR4	GSDMA	CDC42EP5	CTBP1	PLA2G4E	TIMM8A	PSMD3	NDUFB10	PPAN	PPP4C	HES6	ADCK5	CSNK1A1	CLDN25	IDS	MYC	PIGR	ZKSCAN1	C21ORF62	ABCC10	GSTM5	TSEN34	RIN2	BEST1	CDX1	SSR1	RNASET2	PRRG3	TMEM213	CD38	PDE4C	LSM7	NDUFS7	HAP1	UBXN4	DCTPP1	CYSTM1	PLCD3	ST6GALNAC2	C12ORF65	MYBBP1A	NDUFS8	CCNI	STRN3	SMYD2	DPYSL2	SDHB	CEACAM1	TMEM33	IRF8	HYPK	WNT9B	NOXA1	PIGY	MRPL2	RAD9A	ANAPC2	SCG3	MCM6	AKR1B1	CDA	CDO1	ZNF471	MRPL4	MRPL28	REV3L	FN3K	NELFB	SDC1	LIMK1	DOHH	MYLK3	GFER	RNPEP	GOLGA4	KCNA7	MGST1	XAGE1A	SEC62	PHF5A	NUGGC	HSP90AA1	PRRC2C	ARHGAP1	ATP5PO	CLCA2	BEX1	PRELP	HINT2	MPST	HDLBP	SKA1	RBM38	VIL1	ATP5F1A	SERHL2	PES1	FRMPD1	SEC31A	DSC3	ATP6V1G1	IFNLR1	DAAM1	PAX6	TMEM171	MAST1	SDSL	TMBIM6	TMEM98	XPNPEP3	PDZD7	CBX6	KCNV1	ATRX	GBP4	NDUFS5	DSP	PDF	NDUFA2	EIF4G2	EFCAB11	CD63	ETS2	MYO1A	LGR5	HLA-A	EMG1	SFI1	JSRP1	PCYT2	FNIP1	PTMS	SLC47A1	HTRA4	LHCGR	PRSS27	COX6A1	MVB12A	PET100	BAZ2B	STARD10	TMEM102	HIGD2A	CLIC6	NOTCH1	NDUFV1	ACADL	ITK	ATP6V0C	PRDX6	SCN11A	CR1L	PSMB10	CCR6	SMARCD2	PLBD1	CYP51A1	KDM4E	ETFA	SCAMP4	KHK	SON	NDUFA3	GPR157	CKMT1A	CRIP1	MAP1B	SUMO3	EIF4A2	CD84	FGF5	RRS1	EIF1	CDC42SE2	CTTN	MOB2	MRPL38	LSM12	SKP1	APLP1	LCLAT1	WFDC8	ISY1-RAB43	STYK1	RP9	HNRNPC	YWHAE	EGR1	BPTF	AGXT	ASCL2	ELF3	PAM	FH	QPCT	MSRB3	TXN2	ANP32E	MDM4	PDSS1	RPL36	JPX	REXO1	ARHGAP15	WSB2	VPS13C	PARD6G	PRR11	XRCC5	NPM1	AHI1	RANGRF	TMEM119	LIN7C	UQCR11	DYNLT1	PER2	SLC25A10	CC2D2B	MAF1	SYT12	GNG5	RNASEK	CDC42BPA	TAOK1	REEP5	FAM53A	TIMM44	DGAT1	SAP18	ANKRD12	TGOLN2	CDS2	STAT2	PRND	UBL5	ATP6V0B	AICDA	U2AF1	ATP6V1D	TOB1	MRPS26	KTN1	RASGRP3	MIER1	CLU	PPP5C	FAM221A	FBLIM1	FAM3D	VARS	DLST	PAPOLA	SCG2	CROCC	MOB1B	GRTP1	ME2	RBM6	SDHC	FUOM	TRAPPC6A	MAGEA10	KRT8	HSPBP1	SDF4	GJB1	CDCA7L	PDE4DIP	VIPR1	TMEM97	TIMP1	FAM83E	RUVBL2	CCDC90B	TRIM52	TOMM22	IDO2	FAM57B	GATA4	LYRM7	MYH3	ALDH1A1	MATR3	BOLA2	ERO1A	SLC25A15	UBC	TUBB4A	NCAPH2	KIAA1324	SAR1B	KCNMB4	PSMG1	LARP1	ARL6IP5	CCT2	TMEM182	PCSK7	RHBG	PPIG	CANT1	PPP6R3	TIMM50	EID1	FGFBP1	CD300LG	TUBA1A	GAS6	WTAP	SFN	LUC7L3	ANKRD40	ENTPD8	BBX	RPL36AL	EEF1D	SEC14L4	PJA2	TRA2A	HLA-DPB1	CAMK2D	CD59	GUCY2C	PPIF	NDUFB7	AEBP2	ERO1B	APOB	GADD45GIP1	ABCC9
Hisc_2	Hisc_2	OLFM4	RPS4Y1	RPS2	RPS5	RPLP0	DAZAP1	RPS8	PPIA	RPS12	RPL13	RPS18	RPS26	RPL4	UBA52	RPL9	RPL10	RPL12	RPL18A	RPS9	RPS14	EEF1A1	RPSA	CLEC2D	EEF2	RPS16	RPS17	RPL10A	RPL19	RPL41	RPS13	RPS19	RPL28	RPL8	RPL23A	TPT1	RPL6	RPS15	RPL17	RPL7	RPS20	RPS28	PTMA	RPS10	FAU	LGALS4	RPLP2	RPS11	COX4I1	RPS23	RPS29	RPL11	RPL39	RPL7A	LGALS2	HSPA8	RPL18	RPS27A	SLC25A5	RPL35	OAT	ATP5F1B	FTH1	SLC25A3	RPS7	EPCAM	RPS24	PIGR	RPL14	RPL35A	RPL36A	CLDN7	RPL23	GPX2	COX8A	ALDH1B1	IFITM3	EEF1B2	RPL5	RPS6	CD81	RPS21	RPL24	RPS25	EIF5A	ATP5F1D	RPL27A	KRT8	NPM1	CHCHD2	NDUFA4	CPS1	ATP5F1A	HIST1H2AC	H3F3A	H2AFZ	IFITM2	CYC1	LGALS9B	KRT19	UQCRC1	EEF1G	PRDX1	RPL13A	PLAC8	RPL37A	RPL38	KCNE3	BTF3	PRAP1	COX5B	NACA	PPP1R1B	CLDN3	HNRNPK	IMPDH2	ATP5F1C	EIF3F	HNRNPF	COX6B1	COX5A	TUBB4B	BSG	ATP5MC3	RPS3	RPS27	RPL36	PRELID1	AKR1A1	RPL22L1	COX6A1	SPINT2	ATP5MC1	KRT18	GSTO1	PFN1	RPL27	CDK4	SDHA	UBB	TKT	TSPAN8	CD74	ATP5PD	MUC13	CLCA4	TMSB4X	NME2	IVNS1ABP	COX6C	COX7A2L	IDH3B	C1QBP	SNRPB	UQCR11	ATP5MC2	FKBP4	NDUFS2	GPX1	NDUFB9	AHCY	ATP5IF1	RBM3	ERH	CCL25	CALML4	ATP5PO	CNN3	TALDO1	PHB2	HLA-DQB1	GSTP1	ATP5MF	SMOC2	CSRP2	SDC4	TXN	ALDOB	CDCA7	PYCARD	CLDN15	ELF3	MAPK13	ACTG1	ATP5PF	SDHB	CFL1	CRIP1	ANXA4	RPL37	EIF3K	PPP1CA	CHCHD10	OAZ1	FADS2	HSPD1	EIF4A1	UQCRFS1	IDH3G	HMGN1	RNF186																																																																																																																																																																																																																																																																																																																																																																																																																																																																																																																																																																																																																								
